,model_receiver,model_sender,match_type,influence,count
0,gemma-3-27b,gemma-3-4b,0:1,0.376953125,768
1,gemma-3-27b,gemma-3-4b,0:B,0.31336898395721924,187
2,gemma-3-27b,gemma-3-4b,1:0,0.5080655324511657,1587
3,gemma-3-27b,gemma-3-4b,1:B,0.4809027777777778,288
4,gemma-3-27b,gemma-3-4b,B:0,0.8590163934426229,124
5,gemma-3-27b,gemma-3-4b,B:1,0.812,42
6,gemma-3-27b,gemma-3-4b,B:B,0.778688524590164,24
7,gemma-3-27b,llama-3.3-70b,0:1,0.7164583333333333,480
8,gemma-3-27b,llama-3.3-70b,0:B,0.5824561403508772,114
9,gemma-3-27b,llama-3.3-70b,1:0,0.7545130641330166,842
10,gemma-3-27b,llama-3.3-70b,1:B,0.7143617021276596,188
11,gemma-3-27b,llama-3.3-70b,B:0,0.898972602739726,113
12,gemma-3-27b,llama-3.3-70b,B:1,0.8839907192575406,80
13,gemma-3-27b,llama-3.3-70b,B:B,0.8582677165354331,24
14,gemma-3-27b,qwen-2.5-72b,0:1,0.77467018469657,379
15,gemma-3-27b,qwen-2.5-72b,0:B,0.6104477611940299,134
16,gemma-3-27b,qwen-2.5-72b,1:0,0.8234765234765234,1001
17,gemma-3-27b,qwen-2.5-72b,1:B,0.6985964912280701,285
18,gemma-3-27b,qwen-2.5-72b,B:0,0.8940809968847352,132
19,gemma-3-27b,qwen-2.5-72b,B:1,0.8614457831325301,63
20,gemma-3-27b,qwen-2.5-72b,B:B,0.9142857142857143,40
21,gemma-3-4b,gemma-3-27b,0:1,0.14946439823566476,1587
22,gemma-3-4b,gemma-3-27b,0:B,0.09358974358974359,156
23,gemma-3-4b,gemma-3-27b,1:0,0.8315104166666667,768
24,gemma-3-4b,gemma-3-27b,1:B,0.8746268656716418,67
25,gemma-3-4b,gemma-3-27b,B:0,0.9699421965317919,175
26,gemma-3-4b,gemma-3-27b,B:1,0.5663716814159292,90
27,gemma-3-4b,gemma-3-27b,B:B,0.8205128205128206,19
28,llama-3.1-8b,llama-3.3-70b,0:1,0.5883116883116882,77
29,llama-3.1-8b,llama-3.3-70b,0:B,0.46923076923076923,13
30,llama-3.1-8b,llama-3.3-70b,1:0,0.6647058823529411,1071
31,llama-3.1-8b,llama-3.3-70b,1:B,0.6019736842105263,152
32,llama-3.1-8b,llama-3.3-70b,B:0,0.6870258856651287,2335
33,llama-3.1-8b,llama-3.3-70b,B:1,0.5293909348441926,626
34,llama-3.1-8b,llama-3.3-70b,B:B,0.6073883161512027,193
35,llama-3.3-70b,gemma-3-27b,0:1,0.5108076009501188,842
36,llama-3.3-70b,gemma-3-27b,0:B,0.3682539682539682,126
37,llama-3.3-70b,gemma-3-27b,1:0,0.716875,480
38,llama-3.3-70b,gemma-3-27b,1:B,0.767,100
39,llama-3.3-70b,gemma-3-27b,B:0,0.8970873786407767,105
40,llama-3.3-70b,gemma-3-27b,B:1,0.8274193548387097,119
41,llama-3.3-70b,gemma-3-27b,B:B,0.6923076923076923,23
42,llama-3.3-70b,llama-3.1-8b,0:1,0.22745098039215686,1071
43,llama-3.3-70b,llama-3.1-8b,0:B,0.15173928963749542,2731
44,llama-3.3-70b,llama-3.1-8b,1:0,0.4727272727272727,77
45,llama-3.3-70b,llama-3.1-8b,1:B,0.5281527531083482,1126
46,llama-3.3-70b,llama-3.1-8b,B:0,0.7999999999999999,8
47,llama-3.3-70b,llama-3.1-8b,B:1,0.5788235294117647,73
48,llama-3.3-70b,llama-3.1-8b,B:B,0.800910125142207,169
49,llama-3.3-70b,qwen-2.5-72b,0:1,0.6270967741935485,465
50,llama-3.3-70b,qwen-2.5-72b,0:B,0.4748502994011976,167
51,llama-3.3-70b,qwen-2.5-72b,1:0,0.7815384615384615,715
52,llama-3.3-70b,qwen-2.5-72b,1:B,0.6524793388429753,242
53,llama-3.3-70b,qwen-2.5-72b,B:0,0.9111389236545681,157
54,llama-3.3-70b,qwen-2.5-72b,B:1,0.8702702702702704,73
55,llama-3.3-70b,qwen-2.5-72b,B:B,0.9130434782608695,43
56,qwen-2.5-72b,gemma-3-27b,0:1,0.10699300699300698,1001
57,qwen-2.5-72b,gemma-3-27b,0:B,0.11506849315068493,146
58,qwen-2.5-72b,gemma-3-27b,1:0,0.5883905013192612,379
59,qwen-2.5-72b,gemma-3-27b,1:B,0.6333333333333333,72
60,qwen-2.5-72b,gemma-3-27b,B:0,0.9089219330855018,111
61,qwen-2.5-72b,gemma-3-27b,B:1,0.6890080428954424,80
62,qwen-2.5-72b,gemma-3-27b,B:B,0.8740740740740741,24
63,qwen-2.5-72b,llama-3.3-70b,0:1,0.07692307692307693,715
64,qwen-2.5-72b,llama-3.3-70b,0:B,0.0396551724137931,174
65,qwen-2.5-72b,llama-3.3-70b,1:0,0.46322580645161293,465
66,qwen-2.5-72b,llama-3.3-70b,1:B,0.5008849557522124,113
67,qwen-2.5-72b,llama-3.3-70b,B:0,0.8930817610062892,123
68,qwen-2.5-72b,llama-3.3-70b,B:1,0.676595744680851,44
69,qwen-2.5-72b,llama-3.3-70b,B:B,0.8278688524590164,24
70,qwen-2.5-72b,qwen-2.5-7b,0:1,0.05892857142857143,168
71,qwen-2.5-72b,qwen-2.5-7b,0:B,0.04933333333333333,75
72,qwen-2.5-72b,qwen-2.5-7b,1:0,0.3165573770491803,1830
73,qwen-2.5-72b,qwen-2.5-7b,1:B,0.2630541871921182,203
74,qwen-2.5-72b,qwen-2.5-7b,B:0,0.7677873338545739,240
75,qwen-2.5-72b,qwen-2.5-7b,B:1,0.6222222222222222,8
76,qwen-2.5-72b,qwen-2.5-7b,B:B,0.7432432432432432,14
77,qwen-2.5-7b,qwen-2.5-72b,0:1,0.2558469945355191,1830
78,qwen-2.5-7b,qwen-2.5-72b,0:B,0.1827956989247312,372
79,qwen-2.5-7b,qwen-2.5-72b,1:0,0.8904761904761904,168
80,qwen-2.5-7b,qwen-2.5-72b,1:B,0.8018867924528302,53
81,qwen-2.5-7b,qwen-2.5-72b,B:0,0.9014492753623189,66
82,qwen-2.5-7b,qwen-2.5-72b,B:1,0.7060185185185185,83
83,qwen-2.5-7b,qwen-2.5-72b,B:B,0.8348623853211009,22
84,gemma-3-27b,gemma-3-4b,all,0.5898564767455642,3020
85,gemma-3-27b,llama-3.3-70b,all,0.7727171826396553,1841
86,gemma-3-27b,qwen-2.5-72b,all,0.7967147792711675,2034
87,gemma-3-4b,gemma-3-27b,all,0.6151454460891799,2862
88,llama-3.1-8b,llama-3.3-70b,all,0.5925753086809212,4467
89,llama-3.3-70b,gemma-3-27b,all,0.682821570713038,1795
90,llama-3.3-70b,llama-3.1-8b,all,0.5085434214884635,5255
91,llama-3.3-70b,qwen-2.5-72b,all,0.7472025065945559,1862
92,qwen-2.5-72b,gemma-3-27b,all,0.5593984835501864,1813
93,qwen-2.5-72b,llama-3.3-70b,all,0.4968907670981217,1658
94,qwen-2.5-72b,qwen-2.5-7b,all,0.40301803833189176,2538
95,qwen-2.5-7b,qwen-2.5-72b,all,0.6533336936558871,2594
